BF,mask,SIR_in,SDR_in,SIR_out,SDR_out,iSDR,iSIR
mvdr,led,5.595138840349634,-3.9925310827520426,27.708477473011488,5.670756816144898,9.663287898896941,22.113338632661854
