BF,mask,SIR_in,SDR_in,SIR_out,SDR_out,iSDR,iSIR
maxsinr,led,1.370349113992687,-4.749273418062353,30.699678066411273,6.817021531725247,11.5662949497876,29.329328952418585
