BF,mask,SIR_in,SDR_in,SIR_out,SDR_out,iSDR,iSIR
mvdr,oracle,5.595138840349634,-3.9925310827520426,9.2390638283666,0.026495444746478785,4.0190265274985215,3.643924988016966
