BF,mask,SIR_in,SDR_in,SIR_out,SDR_out,iSDR,iSIR
mvdr,led,17.081643745382973,-2.610494447020316,29.57894947411794,3.452506813373607,6.063001260393923,12.497305728734968
