BF,mask,SIR_in,SDR_in,SIR_out,SDR_out,iSDR,iSIR
souden,led,5.595138840349634,-3.9925310827520426,22.016383710590205,8.658309360799707,12.65084044355175,16.42124487024057
