BF,mask,SIR_in,SDR_in,SIR_out,SDR_out,iSDR,iSIR
mvdr,led,1.370349113992687,-4.749273418062353,24.449634674310797,0.6167638283439623,5.366037246406315,23.07928556031811
