BF,mask,SIR_in,SDR_in,SIR_out,SDR_out,iSDR,iSIR
ds,oracle,5.595138840349634,-3.9925310827520426,12.449640694914182,5.927023084210061,9.919554166962104,6.854501854564548
