BF,mask,SIR_in,SDR_in,SIR_out,SDR_out,iSDR,iSIR
lcmv,led,5.595138840349634,-3.9925310827520426,27.492066539733877,1.8286595143562148,5.821190597108258,21.896927699384243
