BF,mask,SIR_in,SDR_in,SIR_out,SDR_out,iSDR,iSIR
maxsinr,led,5.595138840349634,-3.9925310827520426,31.544021756888064,7.422307784633169,11.414838867385212,25.94888291653843
