BF,mask,SIR_in,SDR_in,SIR_out,SDR_out,iSDR,iSIR
maxsinr,oracle,5.595138840349634,-3.9925310827520426,22.283855303373837,2.7157980653431153,6.708329148095158,16.688716463024203
