BF,mask,SIR_in,SDR_in,SIR_out,SDR_out,iSDR,iSIR
rake,led,5.595138840349634,-3.9925310827520426,22.969985239353615,0.2611650652124846,4.253696147964527,17.37484639900398
