BF,mask,SIR_in,SDR_in,SIR_out,SDR_out,iSDR,iSIR
maxsinr,led,5.361559030254762,-3.7090318659441737,33.23768406496081,6.914130603760688,10.623162469704862,27.87612503470605
